Accuaracy,F1,Recall,Precision,AUC
0.987730085849762,0.9884973168373108,0.9841374158859253,0.9933473467826843,
0.9897750616073608,0.9912277460098267,0.9893791079521179,0.9933473467826843,
0.9856850504875183,0.986757755279541,0.9893791079521179,0.9847164154052734,
0.9856850504875183,0.9868988394737244,0.9965277910232544,0.9782268404960632,
0.987730085849762,0.9875624775886536,0.9789290428161621,0.9970238208770752,
