loss,Accuaracy,F1,Recall,Precision,AUC
0.1388917863368988,0.9831775426864624,0.979393482208252,0.98307204246521,0.9824560284614563,
0.12873587012290955,0.9794392585754395,0.9839183688163757,0.9713133573532104,0.9787233471870422,
0.12413998693227768,0.9869158864021301,0.9839183688163757,0.9883322715759277,0.9863547086715698,
0.1295035183429718,0.9850467443466187,0.9839183688163757,0.9826578497886658,0.9844357371330261,
0.15631848573684692,0.9757009148597717,0.9624385833740234,0.9822493195533752,0.9744596481323242,
