loss,Accuaracy,F1,Recall,Precision,AUC
0.3335455656051636,0.980861246585846,1.0,0.9532127976417542,0.9801979660987854,
0.29432713985443115,0.9760765433311462,0.9839285612106323,0.9622114300727844,0.9748743176460266,
0.2868935167789459,0.9617224931716919,0.9433673620223999,0.9809523820877075,0.9587627649307251,
0.30252552032470703,0.9617224931716919,0.9392857551574707,0.9829574227333069,0.9587627649307251,
0.3840929865837097,0.9665071964263916,1.0,0.9267039895057678,0.9658535718917847,
