Accuaracy,F1,Recall,Precision,AUC
0.97444087266922,0.968569278717041,0.9887499809265137,0.9546376466751099,
0.9808306694030762,0.9799737930297852,0.9887499809265137,0.9725543856620789,
0.9872204661369324,0.9843176603317261,0.9887499809265137,0.981249988079071,
0.9872204661369324,0.9843176603317261,0.9887499809265137,0.981249988079071,
0.9680511355400085,0.9548412561416626,0.953452467918396,0.9604166746139526,
