Accuaracy,F1,Recall,Precision,AUC
0.9862843155860901,0.9866988658905029,0.9809380173683167,0.9930917024612427,
0.9825436472892761,0.9826971292495728,0.9892714023590088,0.9777916669845581,
0.9862843155860901,0.986100435256958,0.9854252934455872,0.9878109693527222,
0.9850373864173889,0.985405683517456,0.9764131903648376,0.9952284693717957,
0.9875311851501465,0.9873803853988647,0.9875620603561401,0.9878305196762085,
