loss,Accuaracy,F1,Recall,Precision,AUC
0.18793989717960358,0.9815950989723206,0.96172696352005,1.0,0.9795917272567749,
0.24380965530872345,0.9754601120948792,0.9484694004058838,1.0,0.9726026654243469,
0.22526423633098602,0.9815950989723206,0.9598330855369568,1.0,0.9795917272567749,
0.21338558197021484,0.9785276055335999,0.9690542221069336,0.9878246784210205,0.9764309525489807,
0.23700198531150818,0.9846625924110413,0.969302773475647,1.0,0.9830507636070251,
