loss,Accuaracy,F1,Recall,Precision,AUC
0.06316954642534256,0.9932960867881775,0.9936224818229675,0.9967262148857117,0.9952455759048462,
0.060285430401563644,0.9910614490509033,0.9891530275344849,0.9985119104385376,0.9936406016349792,
0.06335440278053284,0.9877095222473145,0.9876355528831482,0.9951028823852539,0.9912628531455994,
0.069241963326931,0.9910614490509033,0.9919218420982361,0.9953826665878296,0.9936608076095581,
0.06997713446617126,0.9921787977218628,0.9907469749450684,0.9985713958740234,0.9944400191307068,
