Accuaracy,F1,Recall,Precision,AUC
0.9903714060783386,0.9925864934921265,0.9938450455665588,0.991594672203064,
0.9889958500862122,0.991575300693512,0.9918687343597412,0.991594672203064,
0.9903714060783386,0.9925404191017151,0.989798367023468,0.99564129114151,
0.9903714060783386,0.9926018118858337,0.9960474967956543,0.9894207119941711,
0.9889958500862122,0.9917025566101074,0.9918687343597412,0.9918317198753357,
