Accuaracy,F1,Recall,Precision,AUC
0.994783878326416,0.996355414390564,0.9968388676643372,0.9960283637046814,
0.995529055595398,0.9968844652175903,0.9958468079566956,0.9980555772781372,
0.9962742328643799,0.9972665905952454,0.9968388676643372,0.9978174567222595,
0.9962742328643799,0.9973233342170715,0.9957566857337952,0.9990079998970032,
0.994783878326416,0.996355414390564,0.9968388676643372,0.9960283637046814,
