loss,Accuaracy,F1,Recall,Precision,AUC
0.1468995362520218,0.9979381561279297,1.0,0.9972826242446899,0.9984050393104553,
0.13681335747241974,0.985567033290863,0.9857836961746216,0.9941829442977905,0.9887639880180359,
0.1701195240020752,0.9896907210350037,0.9971591234207153,0.9879329204559326,0.99205082654953,
0.14895713329315186,0.9896907210350037,0.9887598752975464,0.9970238208770752,0.9919742345809937,
0.17335538566112518,0.985567033290863,0.9853351712226868,0.9944196939468384,0.9887639880180359,
