Accuaracy,F1,Recall,Precision,AUC
0.9869918823242188,0.9915210604667664,0.9956439733505249,0.9879058599472046,
0.9821138381958008,0.9884071350097656,0.9956439733505249,0.9817061424255371,
0.9902439117431641,0.9936439394950867,0.997916579246521,0.9897242784500122,
0.9918699264526367,0.9947077631950378,0.997916579246521,0.9918075799942017,
0.9918699264526367,0.994608998298645,0.9956439733505249,0.9937015771865845,
