loss,Accuaracy,F1,Recall,Precision,AUC
0.16866914927959442,0.9878048896789551,1.0,0.9833477735519409,0.991789698600769,
0.16080668568611145,0.9731707572937012,0.9965035319328308,0.9681573510169983,0.9820553660392761,
0.1520729959011078,0.9878048896789551,1.0,0.9833477735519409,0.991789698600769,
0.16957302391529083,0.9804878234863281,0.9965035319328308,0.9770306944847107,0.9868851900100708,
0.14763912558555603,0.9878048896789551,1.0,0.9833477735519409,0.991789698600769,
