Accuaracy,F1,Recall,Precision,AUC
0.9908046126365662,0.9908454418182373,0.9977750182151794,0.9845364689826965,
0.9931034445762634,0.9928112626075745,0.995569109916687,0.990425169467926,
0.995976984500885,0.9955978989601135,0.9989305138587952,0.9925716519355774,
0.9936781525611877,0.9928855299949646,0.9961332678794861,0.9900367259979248,
0.9873563051223755,0.9872022867202759,0.9911656975746155,0.9839745163917542,
