Accuaracy,F1,Recall,Precision,AUC
0.9947916865348816,0.9951344132423401,0.9946181178092957,0.9959325790405273,
0.9934895634651184,0.9941654205322266,0.9946181178092957,0.9940386414527893,
0.9908854365348816,0.9918448328971863,0.9883074164390564,0.9957237243652344,
0.9934895634651184,0.994066059589386,0.9946181178092957,0.9938492774963379,
0.9934895634651184,0.9942840933799744,0.9929513931274414,0.9959325790405273,
