Accuaracy,F1,Recall,Precision,AUC
0.99609375,0.9962027668952942,0.9946181178092957,0.9980158805847168,
0.9934895634651184,0.9940898418426514,0.9905003905296326,0.9980158805847168,
0.99609375,0.9962027668952942,0.9946181178092957,0.9980158805847168,
0.9947916865348816,0.9952349662780762,0.9946181178092957,0.9962120652198792,
0.99609375,0.9959565997123718,0.9946181178092957,0.9975490570068359,
