Accuaracy,F1,Recall,Precision,AUC
0.9936781525611877,0.9935336112976074,0.994397759437561,0.9930881857872009,
0.995976984500885,0.995940625667572,0.9967054724693298,0.9954366683959961,
0.995976984500885,0.995987057685852,0.9931856393814087,0.9990430474281311,
0.995976984500885,0.9957109689712524,0.9967054724693298,0.9950171113014221,
0.9919540286064148,0.9925430417060852,0.9937006235122681,0.9918208122253418,
