loss,Accuaracy,F1,Recall,Precision,AUC
0.056027524173259735,0.990517258644104,0.9828109741210938,0.9948093295097351,0.9910930395126343,
0.04229793697595596,0.9948275685310364,0.9934543967247009,0.9968883395195007,0.9951534271240234,
0.059310492128133774,0.990517258644104,0.9882164001464844,0.9930075407028198,0.9911074638366699,
0.05363118648529053,0.992241382598877,0.9882164001464844,0.9968883395195007,0.9927124977111816,
0.04914946109056473,0.9939655065536499,0.9901469349861145,0.9985775351524353,0.994331955909729,
