loss,Accuaracy,F1,Recall,Precision,AUC
0.09307928383350372,0.994140625,0.9882506132125854,1.0,0.9951218962669373,
0.12547388672828674,0.994140625,0.9919270873069763,0.996874988079071,0.9951377511024475,
0.11768953502178192,0.9921875,0.9882506132125854,0.996874988079071,0.9935064911842346,
0.0974702313542366,0.990234375,0.9882506132125854,0.9927083253860474,0.9918962121009827,
0.1105690598487854,0.994140625,0.9919270873069763,0.996874988079071,0.9951377511024475,
