Accuaracy,F1,Recall,Precision,AUC
0.9948559403419495,0.9944796562194824,0.9959825277328491,0.9933519959449768,
0.9979423880577087,0.9974851012229919,0.9973118305206299,0.9978495240211487,
0.9927983283996582,0.9928303956985474,0.990291953086853,0.9958333373069763,
0.9958847761154175,0.9960237145423889,0.9944463968276978,0.9978495240211487,
0.9927983283996582,0.9929019212722778,0.9944463968276978,0.9918010830879211,
