loss,Accuaracy,F1,Recall,Precision,AUC
0.07904763519763947,0.9938271641731262,0.9874933958053589,1.0,0.9932431578636169,
0.07388302683830261,0.9953703880310059,0.9902494549751282,1.0,0.9949409365653992,
0.09194625169038773,0.9922839403152466,0.9843188524246216,1.0,0.9915396571159363,
0.09794162958860397,0.9938271641731262,0.9874933958053589,1.0,0.9932431578636169,
0.0941619873046875,0.9938271641731262,0.9874933958053589,1.0,0.9932431578636169,
