Accuaracy,F1,Recall,Precision,AUC
0.9948559403419495,0.9949833750724792,0.990291953086853,1.0,
0.9948559403419495,0.9949833750724792,0.990291953086853,1.0,
0.9938271641731262,0.99392169713974,0.9932942986488342,0.9948686361312866,
0.9958847761154175,0.9957335591316223,0.9917582273483276,1.0,
0.9958847761154175,0.9956485629081726,0.9932942986488342,0.9983022212982178,
