loss,Accuaracy,F1,Recall,Precision,AUC
0.0472547747194767,0.992241382598877,0.9847415089607239,0.9964985251426697,0.9927124977111816,
0.04041731730103493,0.9965517520904541,0.9966925382614136,0.9968883395195007,0.9967741370201111,
0.04734170809388161,0.992241382598877,0.9847415089607239,0.9968883395195007,0.9927124977111816,
0.0558461993932724,0.990517258644104,0.9828109741210938,0.9950865507125854,0.9910930395126343,
0.0497368648648262,0.990517258644104,0.9868203997612,0.9910770058631897,0.9911218285560608,
