loss,Accuaracy,F1,Recall,Precision,AUC
0.1043999046087265,0.9907407164573669,0.9843188524246216,0.9968254566192627,0.9898647665977478,
0.0883370190858841,0.9953703880310059,0.9936509132385254,0.9970238208770752,0.9949579238891602,
0.09643860161304474,0.9907407164573669,0.9811443090438843,1.0,0.9898304343223572,
0.08746849000453949,0.9953703880310059,0.9902494549751282,1.0,0.9949409365653992,
0.08321059495210648,0.9938271641731262,0.9874933958053589,1.0,0.9932431578636169,
