loss,Accuaracy,F1,Recall,Precision,AUC
0.10434793680906296,0.994140625,0.9882506132125854,1.0,0.9951218962669373,
0.11491728574037552,0.994140625,0.9882506132125854,1.0,0.9951218962669373,
0.09070777893066406,0.99609375,0.9919270873069763,1.0,0.9967532157897949,
0.11474863439798355,0.99609375,0.9919270873069763,1.0,0.9967532157897949,
0.09467599540948868,0.99609375,0.9919270873069763,1.0,0.9967532157897949,
