loss,Accuaracy,F1,Recall,Precision,AUC
0.029245922341942787,0.9942594766616821,0.9952968955039978,0.9926149249076843,0.9947312474250793,
0.027130909264087677,0.9942594766616821,0.9952968955039978,0.992853045463562,0.9947312474250793,
0.03188544884324074,0.9948335289955139,0.9952968955039978,0.9940135478973389,0.9952555894851685,
0.029770074412226677,0.9954075813293457,0.9930746555328369,0.9976444840431213,0.995771586894989,
0.03037000261247158,0.9954075813293457,0.9940847754478455,0.9965243935585022,0.9957761168479919,
