Accuaracy,F1,Recall,Precision,AUC
0.9942594766616821,0.9943279027938843,0.9918305277824402,0.9970880746841431,
0.9946421980857849,0.9945275783538818,0.9929793477058411,0.9963362216949463,
0.9954075813293457,0.9953041076660156,0.9944343566894531,0.9963867664337158,
0.9957903027534485,0.9956338405609131,0.9925699234008789,0.998891294002533,
0.9973210692405701,0.9970110654830933,0.9958292245864868,0.9983106255531311,
