loss,Accuaracy,F1,Recall,Precision,AUC
0.07592560350894928,0.997032642364502,1.0,0.9928374886512756,0.997101366519928,
0.07939674705266953,0.997032642364502,0.9967532753944397,0.9969697594642639,0.9970929622650146,
0.06963109225034714,0.9955489635467529,0.9967532753944397,0.9928374886512756,0.9956458210945129,
0.062471888959407806,0.9955489635467529,0.9967532753944397,0.9928374886512756,0.9956458210945129,
0.06970131397247314,0.9940652847290039,0.9967532753944397,0.9910192489624023,0.9942028522491455,
