Accuaracy,F1,Recall,Precision,AUC
0.997032642364502,0.9966720938682556,0.9964256882667542,0.9971591234207153,
0.997032642364502,0.9964873790740967,0.998161792755127,0.9950757622718811,
0.9960435032844543,0.9955945611000061,0.9964256882667542,0.9950757622718811,
0.997032642364502,0.9964873790740967,0.998161792755127,0.9950757622718811,
0.9980217814445496,0.9979754686355591,0.998161792755127,0.9979166984558105,
