loss,Accuaracy,F1,Recall,Precision,AUC
0.033510759472846985,0.9981273412704468,0.9961690306663513,1.0,0.9981948733329773,
0.04724698141217232,0.9943820238113403,0.9890609979629517,1.0,0.9945651888847351,
0.040570277720689774,0.9943820238113403,0.9933578372001648,0.9963091611862183,0.9945847392082214,
0.036340054124593735,0.9981273412704468,0.9982699155807495,0.9982699155807495,0.9981981515884399,
0.045854900032281876,0.9943820238113403,0.9926602840423584,0.9963091611862183,0.9945847392082214,
