Accuaracy,F1,Recall,Precision,AUC
0.9968789219856262,nan,0.9760900139808655,0.9793601632118225,
0.9968789219856262,nan,0.9782068133354187,0.9770725965499878,
0.9981273412704468,nan,0.9782068133354187,0.979411780834198,
0.9981273412704468,nan,0.979238748550415,0.9777661561965942,
0.9987515807151794,nan,0.9782068133354187,0.9803921580314636,
