Accuaracy,F1,Recall,Precision,AUC
0.8017456531524658,0.6566163301467896,0.6938775777816772,0.8745980858802795,0.9163078665733337
0.4887780547142029,0.6566163301467896,1.0,0.4887780547142029,0.6197953224182129
0.5947631001472473,0.6566163301467896,0.5229591727256775,0.5976676344871521,0.6357516050338745
0.5523690581321716,0.6566163301467896,0.4107142984867096,0.5570934414863586,0.6078366041183472
0.5885286927223206,0.6566163301467896,0.5229591727256775,0.5890804529190063,0.6262070536613464
