Accuaracy,F1,Recall,Precision,AUC
0.8019169569015503,0.6391303539276123,0.8911564350128174,0.7401130199432373,0.8421850204467773
0.584664523601532,0.6391303539276123,1.0,0.5306859016418457,0.8298090696334839
0.6357827186584473,0.6391303539276123,0.9931972622871399,0.5637065768241882,0.8236005306243896
0.4696485698223114,0.6391303539276123,1.0,0.4696485698223114,0.8171666264533997
0.4760383367538452,0.6391303539276123,1.0,0.4726687967777252,0.8219203948974609
