Accuaracy,F1,Recall,Precision,AUC
0.86094069480896,0.669387698173523,0.9186992049217224,0.8248175382614136,0.9293636083602905
0.4969325065612793,0.669387698173523,0.0,0.0,0.5
0.4969325065612793,0.669387698173523,0.0,0.0,0.5
0.4969325065612793,0.669387698173523,0.0,0.0,0.6495785117149353
0.4969325065612793,0.669387698173523,0.0,0.0,0.5434858798980713
