Accuaracy,F1,Recall,Precision,AUC
0.49897751212120056,0.669387698173523,0.004065040498971939,1.0,0.8126986622810364
0.4969325065612793,0.669387698173523,0.0,0.0,0.6500301361083984
0.4969325065612793,0.669387698173523,0.0,0.0,0.5
0.4969325065612793,0.669387698173523,0.0,0.0,0.5020576119422913
0.5030674934387207,0.669387698173523,1.0,0.5030674934387207,0.670204758644104
