Accuaracy,F1,Recall,Precision,AUC
0.8242811560630798,0.6391303539276123,0.9455782175064087,0.7473118305206299,0.8605647087097168
0.4696485698223114,0.6391303539276123,1.0,0.4696485698223114,0.823969304561615
0.4696485698223114,0.6391303539276123,1.0,0.4696485698223114,0.790631890296936
0.530351459980011,0.6391303539276123,0.0,0.0,0.8214695453643799
0.530351459980011,0.6391303539276123,0.0,0.0,0.8036022186279297
