Accuaracy,F1,Recall,Precision,AUC
0.8042393922805786,0.6566163301467896,0.9948979616165161,0.7155963182449341,0.9258087873458862
0.4887780547142029,0.6566163301467896,1.0,0.4887780547142029,0.6545296311378479
0.6084787845611572,0.6566163301467896,0.28316327929496765,0.7708333134651184,0.637723982334137
0.4887780547142029,0.6566163301467896,1.0,0.4887780547142029,0.6380413174629211
0.4887780547142029,0.6566163301467896,1.0,0.4887780547142029,0.6150168180465698
