Accuaracy,F1,Recall,Precision,AUC
0.881705641746521,0.7791770696640015,0.9676724076271057,0.8634615540504456,0.9573390483856201
0.638239324092865,0.7791770696640015,1.0,0.638239324092865,0.5150861740112305
0.638239324092865,0.7791770696640015,1.0,0.638239324092865,0.5
0.638239324092865,0.7791770696640015,1.0,0.638239324092865,0.6281671524047852
0.638239324092865,0.7791770696640015,1.0,0.638239324092865,0.5183189511299133
