Accuaracy,F1,Recall,Precision,AUC
0.9037138819694519,0.7791770696640015,0.9482758641242981,0.9053497910499573,0.9567285776138306
0.638239324092865,0.7791770696640015,1.0,0.638239324092865,0.5470983386039734
0.638239324092865,0.7791770696640015,1.0,0.638239324092865,0.6726145148277283
0.638239324092865,0.7791770696640015,1.0,0.638239324092865,0.5823431611061096
0.638239324092865,0.7791770696640015,1.0,0.638239324092865,0.5
