Accuaracy,F1,Recall,Precision,AUC
0.8539493083953857,0.8233230113983154,0.8253461122512817,0.9603469371795654,0.9473583698272705
0.7876303791999817,0.8233230113983154,0.8700745701789856,0.8336734771728516,0.8210691213607788
0.7727272510528564,0.8233230113983154,0.8296059370040894,0.8430736064910889,0.813819169998169
0.7921013236045837,0.8233230113983154,0.8753993511199951,0.8353658318519592,0.823843777179718
0.8062593340873718,0.8233230113983154,0.9211927652359009,0.8230257034301758,0.8118358850479126
