Accuaracy,F1,Recall,Precision,AUC
0.9138211607933044,0.8472352027893066,0.9601770043373108,0.9253731369972229,0.868172824382782
0.7349593639373779,0.8472352027893066,1.0,0.7349593639373779,0.8295985460281372
0.7349593639373779,0.8472352027893066,1.0,0.7349593639373779,0.8300125002861023
0.7804877758026123,0.8472352027893066,1.0,0.7700170278549194,0.8283973336219788
0.7349593639373779,0.8472352027893066,1.0,0.7349593639373779,0.8266395926475525
