Accuaracy,F1,Recall,Precision,AUC
0.9232488870620728,0.8233230113983154,0.9648562073707581,0.9282786846160889,0.9557234048843384
0.7131147384643555,0.8233230113983154,0.9957401752471924,0.7104862928390503,0.7450788021087646
0.7935916781425476,0.8233230113983154,0.9446219205856323,0.7976618409156799,0.810778796672821
0.7764530777931213,0.8233230113983154,0.9712460041046143,0.7696202397346497,0.7937156558036804
0.6997019648551941,0.8233230113983154,1.0,0.6997019648551941,0.7195408940315247
