Accuaracy,F1,Recall,Precision,AUC
0.9105691313743591,0.8472352027893066,0.98893803358078,0.8993963599205017,0.8609316945075989
0.7349593639373779,0.8472352027893066,1.0,0.7349593639373779,0.8299446105957031
0.7349593639373779,0.8472352027893066,1.0,0.7349593639373779,0.8259338140487671
0.7349593639373779,0.8472352027893066,1.0,0.7349593639373779,0.8309693932533264
0.7349593639373779,0.8472352027893066,1.0,0.7349593639373779,0.8301346302032471
