Accuaracy,F1,Recall,Precision,AUC
0.8450520634651184,0.7552673816680908,0.9871244430541992,0.8027923107147217,0.8692301511764526
0.7747395634651184,0.7552673816680908,0.9892703890800476,0.7329093813896179,0.8266350030899048
0.77734375,0.7552673816680908,0.9871244430541992,0.7360000014305115,0.8289727568626404
0.80859375,0.7552673816680908,0.9871244430541992,0.7653909921646118,0.8297366499900818
0.7747395634651184,0.7552673816680908,0.9871244430541992,0.7336522936820984,0.825782299041748
