Accuaracy,F1,Recall,Precision,AUC
0.9403291940689087,0.6518723368644714,0.9829787015914917,0.90234375,0.9884843230247498
0.4835391044616699,0.6518723368644714,1.0,0.4835391044616699,0.7584788203239441
0.5164608955383301,0.6518723368644714,0.0,0.0,0.7273756265640259
0.5164608955383301,0.6518723368644714,0.0,0.0,0.671431303024292
0.4835391044616699,0.6518723368644714,1.0,0.4835391044616699,0.7179685831069946
