Accuaracy,F1,Recall,Precision,AUC
0.9241379499435425,0.6951630115509033,0.9503775835037231,0.9110651612281799,0.9725257158279419
0.777011513710022,0.6951630115509033,0.8381876945495605,0.7655172348022461,0.8459817171096802
0.7178161144256592,0.6951630115509033,0.9525350332260132,0.6639097929000854,0.8426274061203003
0.7494252920150757,0.6951630115509033,0.7130528688430786,0.7954272031784058,0.823530375957489
0.732758641242981,0.6951630115509033,0.6202805042266846,0.8357558250427246,0.8370120525360107
