Accuaracy,F1,Recall,Precision,AUC
0.9178161025047302,0.6951630115509033,0.9492987990379333,0.9016393423080444,0.9643189907073975
0.8091953992843628,0.6951630115509033,0.861920177936554,0.7966101765632629,0.8748764395713806
0.8045976758003235,0.6951630115509033,0.8230852484703064,0.8125665783882141,0.8678646087646484
0.7988505959510803,0.6951630115509033,0.8327939510345459,0.7983453869819641,0.867804229259491
0.8045976758003235,0.6951630115509033,0.907227635383606,0.7680365443229675,0.8717012405395508
