Accuaracy,F1,Recall,Precision,AUC
0.859375,0.7552673816680908,0.9828326106071472,0.8207885026931763,0.8684272170066833
0.8411458134651184,0.7552673816680908,0.9828326106071472,0.8006992936134338,0.8534590601921082
0.8333333134651184,0.7552673816680908,0.9871244430541992,0.7903780341148376,0.853075385093689
0.84765625,0.7552673816680908,0.9828326106071472,0.8077601194381714,0.8498493432998657
0.8411458134651184,0.7552673816680908,0.9828326106071472,0.8006992936134338,0.8518460988998413
