Accuaracy,F1,Recall,Precision,AUC
0.9125514626502991,0.6518723368644714,0.9829787015914917,0.8571428656578064,0.9855047464370728
0.5668724179267883,0.6518723368644714,0.9808510541915894,0.5280641317367554,0.7835487723350525
0.5164608955383301,0.6518723368644714,0.0,0.0,0.7803572416305542
0.644032895565033,0.6518723368644714,0.3234042525291443,0.8444444537162781,0.7929325103759766
0.7181069850921631,0.6518723368644714,0.7489361763000488,0.6929134130477905,0.7947359681129456
