Accuaracy,F1,Recall,Precision,AUC
0.9166666865348816,0.6951630115509033,0.8802589178085327,0.9599999785423279,0.9734703898429871
0.7994253039360046,0.6951630115509033,0.8274002075195312,0.8023012280464172,0.8655465245246887
0.7919540405273438,0.6951630115509033,0.8112189769744873,0.8008519411087036,0.862217366695404
0.7971264123916626,0.6951630115509033,0.8878101110458374,0.7677238583564758,0.8647523522377014
0.7465517520904541,0.6951630115509033,0.6720604300498962,0.8197368383407593,0.8335238099098206
