Accuaracy,F1,Recall,Precision,AUC
0.9537037014961243,0.6518723368644714,0.936170220375061,0.9670329689979553,0.9904636740684509
0.5452674627304077,0.6518723368644714,0.059574469923973083,1.0,0.7673200964927673
0.7078189253807068,0.6518723368644714,0.6340425610542297,0.7268292903900146,0.7789098620414734
0.5164608955383301,0.6518723368644714,0.0,0.0,0.7835296988487244
0.5246913433074951,0.6518723368644714,0.01702127605676651,1.0,0.7638170719146729
