Accuaracy,F1,Recall,Precision,AUC
0.9320987462997437,0.6518723368644714,0.9063829779624939,0.9508928656578064,0.9774857759475708
0.4835391044616699,0.6518723368644714,1.0,0.4835391044616699,0.5095744729042053
0.5164608955383301,0.6518723368644714,0.0,0.0,0.5394125580787659
0.4835391044616699,0.6518723368644714,1.0,0.4835391044616699,0.6324149966239929
0.5164608955383301,0.6518723368644714,0.0,0.0,0.5009939074516296
