Accuaracy,F1,Recall,Precision,AUC
0.8697916865348816,0.7552673816680908,0.8454935550689697,0.9336493015289307,0.9430122375488281
0.8190104365348816,0.7552673816680908,0.9206008315086365,0.8079096078872681,0.8241800665855408
0.7395833134651184,0.7552673816680908,0.7038626670837402,0.8410256505012512,0.8270294070243835
0.80078125,0.7552673816680908,0.8669527769088745,0.8161616325378418,0.8244890570640564
0.82421875,0.7552673816680908,0.9570815563201904,0.7950088977813721,0.8257895112037659
