Accuaracy,F1,Recall,Precision,AUC
0.91015625,0.7552673816680908,0.9678111672401428,0.893069326877594,0.9304529428482056
0.8411458134651184,0.7552673816680908,0.9828326106071472,0.8006992936134338,0.8533986210823059
0.8580729365348816,0.7552673816680908,0.9570815563201904,0.8336448669433594,0.8538143038749695
0.8528645634651184,0.7552673816680908,0.9399141669273376,0.8374760746955872,0.8500484228134155
0.8541666865348816,0.7552673816680908,0.9635193347930908,0.8253676295280457,0.8554025292396545
