Accuaracy,F1,Recall,Precision,AUC
0.9212643504142761,0.6951630115509033,0.953613817691803,0.9038854837417603,0.9650129675865173
0.7609195113182068,0.6951630115509033,0.8856526613235474,0.725906252861023,0.8312162756919861
0.7758620977401733,0.6951630115509033,0.9460625648498535,0.7206245064735413,0.8420886993408203
0.7689655423164368,0.6951630115509033,0.9352750778198242,0.7171216011047363,0.8467838764190674
0.7580459713935852,0.6951630115509033,0.954692542552948,0.7001582384109497,0.8442488312721252
