Accuaracy,F1,Recall,Precision,AUC
0.9502487778663635,0.7077150940895081,0.9685534834861755,0.942216157913208,0.9884197115898132
0.8626100420951843,0.7077150940895081,0.9538784027099609,0.8232810497283936,0.9237256646156311
0.8507462739944458,0.7077150940895081,0.8385744094848633,0.8830022215843201,0.9183821082115173
0.8656716346740723,0.7077150940895081,0.9433962106704712,0.8333333134651184,0.9125719666481018
0.885189414024353,0.7077150940895081,0.8825995922088623,0.9053763151168823,0.9423804879188538
