Accuaracy,F1,Recall,Precision,AUC
0.9368541836738586,0.7077150940895081,0.9238294959068298,0.9593613743782043,0.9818276762962341
0.8817451000213623,0.7077150940895081,0.865129292011261,0.9143279194831848,0.9532009363174438
0.8874856233596802,0.7077150940895081,0.8986722826957703,0.8961672186851501,0.9452721476554871
0.861079216003418,0.7077150940895081,0.8455625176429749,0.8949704170227051,0.9311079382896423
0.8783007860183716,0.7077150940895081,0.979734480381012,0.829095184803009,0.9469795227050781
