Accuaracy,F1,Recall,Precision,AUC
0.8466864228248596,0.6827360987663269,0.9141221642494202,0.8132427930831909,0.8750998973846436
0.7932739853858948,0.6827360987663269,0.9007633328437805,0.7503974437713623,0.8257871866226196
0.7922848463058472,0.6827360987663269,0.8912213444709778,0.7532258033752441,0.8254541754722595
0.7912957668304443,0.6827360987663269,0.9255725145339966,0.7382039427757263,0.8331915736198425
0.7982195615768433,0.6827360987663269,0.8874045610427856,0.7622950673103333,0.8300350904464722
