Accuaracy,F1,Recall,Precision,AUC
0.9020771384239197,0.6827360987663269,0.9847328066825867,0.8500823974609375,0.9647985100746155
0.7566765546798706,0.6827360987663269,0.9809160232543945,0.6853333115577698,0.8328427672386169
0.7972304821014404,0.6827360987663269,0.8893129825592041,0.7601957321166992,0.8274096250534058
0.7912957668304443,0.6827360987663269,0.927480936050415,0.7374810576438904,0.8274645209312439
0.7912957668304443,0.6827360987663269,0.9217557311058044,0.7396630644798279,0.8270294666290283
