Accuaracy,F1,Recall,Precision,AUC
0.9538077116012573,0.6927784085273743,0.9835100173950195,0.9329608678817749,0.9915837645530701
0.7946317195892334,0.6927784085273743,0.9175500869750977,0.7504817247390747,0.8869922161102295
0.7615480422973633,0.6927784085273743,0.6961130499839783,0.8265734314918518,0.8449851870536804
0.7652933597564697,0.6927784085273743,0.7785630226135254,0.7785630226135254,0.8573839664459229
0.6928839087486267,0.6927784085273743,0.9611307382583618,0.6399999856948853,0.868148922920227
