Accuaracy,F1,Recall,Precision,AUC
0.9344569444656372,0.6927784085273743,0.9623085856437683,0.917977511882782,0.9845650792121887
0.7952559590339661,0.6927784085273743,0.8987043499946594,0.7592039704322815,0.8961554765701294
0.7765293121337891,0.6927784085273743,0.869257926940918,0.7492385506629944,0.8688356280326843
0.767166018486023,0.6927784085273743,0.864546537399292,0.7399193644523621,0.8711435794830322
0.7478152513504028,0.6927784085273743,0.8727915287017822,0.7145612239837646,0.8510973453521729
